Metallicity,Z,alpha_CE,Total_Systems,CE_Events,CE_Rate_%,CE_Rate_CI_Low_%,CE_Rate_CI_High_%,Survivors,Survival_Rate_%,Survival_CI_Low_%,Survival_CI_High_%,Lambda_Mean,Lambda_Std
Solar,0.014,0.5,200,13,6.5,3.5060708656979043,10.858723650381519,1,7.6923076923076925,0.19456284973467483,36.02974352678775,0.1435409407379911,0.0974904715092761
Mid,0.006,0.5,200,29,14.499999999999998,9.930862255520754,20.156149617317972,0,0.0,0.0,9.81446276772957,0.11078035970253082,0.11398562766742619
Low,0.001,0.5,200,27,13.5,9.088710175489775,19.030917268339838,0,0.0,0.0,10.501923017634429,0.11078035970253082,0.11398562766742619
